Tmedia,Urmedia,Vento_Km,Pressao,Chuva_mm,Rad_w_m2,ET_mm,ETClass
18.615,91,27.9,1007.6325,0,398,0.14,0
20.30208333,77.93055556,96.53,1009.609028,0,24664,3.11,3
18.16041667,76.15972222,71.91,1012.392361,0,35029,4.01,4
20.35138889,64.72222222,85.57,1012.145833,0,35000,4.4,4
22.51458333,60.97222222,122.27,1008.088889,0,33764,4.81,5
23.63125,65.72222222,88.55,1004.683333,0,29729,4.11,4
20.59583333,81.07638889,237.47,1006.640278,19.6,19304,3.08,3
16.7375,75.38888889,188.03,1014.790278,0,29945,3.97,4
17.32638889,68.02777778,159.3,1014.703472,0,34245,4.34,4
18.93055556,70.16666667,137.85,1012.826389,0,32935,4.18,4
21.00833333,66.01388889,114.42,1013.621528,0,32146,4.23,4
22.17083333,63.19444444,115.21,1014.475694,0,31746,4.37,4
21.80694444,70.59027778,136.47,1012.855556,0,29842,4.14,4
20.51597222,79.5625,136.82,1013.649306,0,26138,3.22,3
20.06527778,73,186.86,1012.784722,0,31856,4.18,4
21.26388889,78.44444444,105.39,1009.478472,0,28867,3.54,4
21.23541667,82.27777778,237.06,1010.18125,0,22429,3.33,3
21.09513889,81.72222222,317.27,1012.475694,0,19679,3.13,3
19.55555556,86.55555556,290.99,1008.976389,2.6,15478,2.34,2
16.65833333,75.75694444,106.88,1010.0625,0.2,28383,3.34,3
19.60555556,71.79861111,130.21,1007.113889,0,29264,4.09,4
22.23888889,75.77777778,120.92,1006.45,0,22280,3.12,3
17.95416667,77.90972222,233.42,1013.356944,0,27464,3.76,4
16.77916667,68.46527778,200.32,1016.864583,0,24909,3.69,4
16.22013889,79.5625,137.79,1016.320833,0,17721,2.37,2
16.15902778,82.96527778,58.64,1016.428472,0.2,18711,2.07,2
17.05416667,66.88194444,70.12,1017.407639,0,27885,3.33,3
18.64722222,61.875,113.81,1015.18125,0,27340,3.68,4
18.97777778,69.02083333,106.08,1014.100694,0,27137,3.56,4
18.15138889,75.35416667,193.39,1015.425694,0,26414,3.7,4
17.05694444,67.70833333,275.06,1017.539583,0,26087,4.02,4
14.30491803,87.03278689,114.29,1016.413115,1.6,2143,0.52,1
18.88333333,78.85714286,43.34,1014.847619,0,176,0.35,0
20.00763889,76.52777778,175.58,1014.774306,0,18797,2.86,3
19.80763889,84.02777778,145.57,1016.036806,0,13905,2.08,2
20.62569444,79.55555556,154.2,1017.155556,0,21966,2.97,3
18.84583333,85.91666667,136.64,1018.484722,0,22038,2.51,3
19.58819444,84.72222222,101.75,1018.236111,0,20930,2.3,2
19.61111111,84.48611111,161.06,1015.63125,0.2,21901,2.64,3
21.38402778,79.67361111,217.14,1014.211806,0,21250,3.13,3
22.11736111,78.91666667,182.02,1012.358333,0,19461,2.92,3
20.83888889,89.95833333,312.85,1004.600694,11.8,4883,1.06,1
16.93958333,91.11805556,269.39,1010.447222,0,6534,0.95,1
15.20833333,89.36111111,171.63,1015.256944,0,17138,1.94,2
15.40486111,86.49305556,284.57,1015.656944,0,18416,2.36,2
14.28888889,93.50694444,371.42,1013.25625,40,2216,0.54,1
13.36388889,85.96527778,129.71,1014.85625,0.2,12907,1.4,1
12.19305556,92.15972222,59.68,1013.059722,0.2,14027,1.31,1
12.54097222,85.86805556,73.61,1011.470833,0.2,16491,1.69,2
11.88680556,80.27777778,65.77,1015.224306,0,20810,2.13,2
13.56319444,78.07638889,96.79,1017.53125,0,21024,2.42,2
14.40347222,75.875,140.44,1014.40625,0,21185,2.72,3
17.66527778,88.04861111,183.41,1011.633333,1,12999,1.69,2
18.81180556,94.04861111,163.36,1014.596528,0.2,10211,1.18,1
18.83263889,93.74305556,299.16,1010.994444,63.6,1140,0.47,0
21.37083333,79.53472222,366.91,1005.441667,0,17662,3.32,3
19.32013889,86.07638889,173.92,1009.294444,0,9688,1.46,1
14.83263889,95.02083333,189.45,1010.777778,43.6,1706,0.37,0
18.15555556,96.1875,189.18,1007.032639,66,4894,0.52,1
16.55347222,97.29861111,126.69,1007.417361,28.2,3379,0.33,0
12.99652778,76.29861111,121.63,1013.518056,0.2,16986,1.97,2
6.848351648,78.73626374,31.77,1017.507692,0,17933,1.57,2
11.19574468,88.4893617,48.47,1007.257447,0,477,0.11,0
12.00277778,83.55555556,160.02,1006.98125,0,14469,1.59,2
8.223611111,66.79861111,251.79,1014.070833,0,19929,2.85,3
10.51875,63.5,192.41,1013.864583,0,19726,2.94,3
11.60763889,73.96527778,141.12,1011.930556,0,12190,1.7,2
8.574305556,78.68055556,161.18,1021.647222,0,15937,1.89,2
5.281944444,76.3125,102.7,1026.200694,0,20260,1.99,2
11.70902778,79.89583333,283.79,1018.692361,0,18830,2.56,3
13.48888889,91.74305556,104.82,1015.909028,0.2,4771,0.63,1
13.62777778,92.34027778,101.67,1017.211806,3.8,6340,0.63,1
7.889583333,83.25694444,233.5,1025.38125,0.4,19721,2.03,2
9.045833333,87.75694444,259.11,1025.875,0,9504,1.17,1
14.6875,82.89583333,285.6,1023.642361,0,18839,2.64,3
16.87916667,80.76388889,220.17,1022.861806,0,18561,2.5,3
17.36666667,81.26388889,159.66,1019.878472,0,18100,2.4,2
17.80972222,76.44444444,165.96,1014.4,0,15625,2.37,2
17.00069444,88.96527778,209.95,1009.558333,25.8,7355,1.21,1
15.47430556,94.4375,216.6,1007.771528,3.2,6036,0.72,1
11.4,86.125,174.28,1016.661111,0.2,19488,2,2
11.85138889,87.95833333,232.43,1013.982639,0,15572,1.79,2
12.68402778,93.74305556,207.97,1008.2875,39,4716,0.66,1
7.768055556,84.55555556,156.13,1018.7625,0,10372,1.16,1
8.128472222,84.84722222,172.4,1018.073611,0,20584,2.12,2
12.39027778,87.50694444,224.44,1013.211806,0.2,8117,1.07,1
12.74791667,89.3125,225.69,1013.779861,0,9499,1.22,1
12.05555556,92.42361111,195.72,1012.663194,0,8061,0.98,1
11.74236111,93.88194444,48.47,1010.5625,0,12287,1.11,1
13.82365591,91.91397849,34.95,1013.387097,0,9166,0.85,1
14.71428571,92.17857143,40.49,1009.960714,0,0,0.06,0
17.74791667,88.02083333,351.99,1003.565972,17.2,12500,1.85,2
15.79861111,96.15972222,201.73,999.2493056,20.4,4052,0.53,1
10.25,86.59027778,145.43,1011.604167,0.4,10865,1.09,1
8.646527778,75.54166667,95.19,1021.099306,0,20674,2.18,2
8.965277778,89.84722222,157.08,1020.971528,0,13433,1.34,1
12.50625,94.88194444,150.45,1018.530556,16.6,11016,1.04,1
15.34097222,87.25,212.12,1015.289583,2,21031,2.29,2
16.67847222,96.61805556,173.21,1008.450694,136.8,1356,0.15,0
12.22083333,93.31944444,251.82,1013.170139,2.4,4176,0.54,1
10.0875,85.54861111,109.82,1020.059722,0,20312,1.72,2
9.686805556,88.59722222,116.97,1020.732639,0.2,17473,1.63,2
11.98611111,88.50694444,160.69,1019.731944,0,13101,1.25,1
12.05555556,95,113.1,1019.446528,0.2,13300,1.21,1
14.74930556,84.44444444,184.57,1020.120833,0,21038,2.34,2
14.05625,89.03472222,137.52,1017.592361,0.2,18849,1.9,2
15.47013889,88,213.76,1013.671528,0,21262,2.3,2
18.11041667,80.82638889,210.74,1011.202778,0,16443,2.28,2
21.44930556,73.63888889,189.83,1013.071528,0,12538,2.3,2
21.22083333,82.64583333,185.53,1013.452778,0,15900,2.3,2
19.30902778,82.10416667,309.6,1008.990972,0,14991,2.66,3
16.90069444,85.23611111,212.2,1012.067361,0,20917,2.44,2
21.63541667,71.83333333,353.45,1004.561806,0.2,10282,2.73,3
18.22013889,85.91666667,266.76,1009.336111,0,16422,2.28,2
14.70902778,86.67361111,284.51,1015.104861,31.4,9790,1.52,2
17.475,89.03472222,347.63,1010.698611,17.6,21034,2.6,3
22.27013889,71.51388889,501.65,1000.905556,0,21109,4.39,4
24.03402778,61.93055556,349.27,1000.15625,0,13011,3.94,4
24.66666667,66.14583333,307.15,1005.640972,0,18081,3.96,4
24.69305556,62.65277778,406.92,1006.085417,0,22697,5.29,5
20.71319444,70.53472222,405.3,1008.709028,0,15189,3.56,4
15.60694444,92.66666667,186.08,1015.484028,5.2,4870,0.67,1
19.71527778,90.89583333,163.25,1011.715278,0,19544,2.16,2
18.575,92.38194444,270.68,1011.030556,14.4,5474,0.84,1
17.59722222,94.20138889,99,1012.015278,10,12547,1.31,1
14.37777778,91.34027778,132.52,1012.879167,0.4,9677,1.03,1
13.25972222,89.84722222,248.21,1019.04375,13.6,19073,2.13,2
18.3375,92.52083333,194.89,1011.809028,18.2,10730,1.18,1
16.69097222,97.44444444,112.68,1008.209028,26.4,4187,0.43,0
12.76180556,92.47222222,113.64,1014.269444,1,10683,1.03,1
13.64166667,87.54166667,251.48,1019.254861,0,13765,1.71,2
16.24583333,82.02083333,209.05,1013.315972,0,27230,3.19,3
16.92430556,87.97222222,257.76,1005.830556,0.6,6176,1.1,1
13.86736111,75.43055556,200.84,1012.161806,0.2,27832,3.3,3
9.8375,83.45833333,175.61,1017.454861,0,26104,2.57,3
14.40486111,85.00694444,250.14,1013.086806,0,28161,3.2,3
15.92708333,94.09722222,352.46,1005.76875,18.2,2551,0.54,1
12.66,95.83636364,62.14,1009.370909,0.2,1939,0.16,0
24.41525424,65.69491525,57.7,1009.347458,0,7833,1.37,1
23.35694444,69.05555556,324.29,1009.153472,0,26042,4.64,5
12.07708333,78.71527778,433.3,1021.138194,0,20437,2.9,3
12.36041667,80.18055556,237.77,1018.244444,0.2,26019,3.08,3
13.99583333,83.94444444,196.62,1014.909028,0,25013,2.72,3
12.875,89.99305556,223.69,1017.585417,1.8,18723,1.99,2
12.09652778,83.14583333,150.26,1018.503472,0.4,30448,3.19,3
11.75972222,89.05555556,141.31,1013.344444,0,22844,2.4,2
14.56319444,81.38194444,121.02,1005.713194,0.4,27547,2.97,3
15.43263889,83.70833333,107.31,1003.015278,0,23498,2.52,3
15.67083333,73.61111111,93.45,1006.621528,0.2,30737,3.52,4
11.14236111,92.20138889,173.76,1006.560417,4.2,5305,0.69,1
7.492361111,69.09722222,220.17,1013.938889,0,31104,3.44,3
8.217361111,59.38194444,132.64,1017.906944,0,33928,3.82,4
12.94513889,57.85416667,261,1017.047222,0,33399,5,5
16.87222222,50.76388889,265.72,1014.448611,0,33991,5.5,6
19.58263889,57.88888889,304.16,1006.075694,0,24726,4.74,5
13.97222222,91.25,298.25,1004.810417,91.6,4538,0.73,1
12.81608392,93.28873239,390.59,1008.975694,0,8390,1.09,1
15.33680556,81.61805556,374.72,1012.246528,0,24648,3.4,3
15.07847222,87.38888889,381.22,1012.699306,0,8332,1.56,2
16.42013889,88.9375,323.65,1011.354861,0.2,9164,1.47,1
18.07777778,93.50694444,299.33,1006.843056,45,5368,0.9,1
18.49375,97.28472222,170.85,1005.397917,42.6,4883,0.48,0
19.87083333,92.70138889,382.87,1001.85625,45.8,18028,2.3,2
19.69375,96.81944444,209.45,999.4333333,61.6,2515,0.43,0
16.68194444,90.77083333,169.63,1008.822222,1,27889,2.93,3
17.18819444,86.54166667,157.91,1011.748611,0,23151,2.55,3
15.32569444,86.89583333,101.53,1009.773611,0.2,26925,2.71,3
15.53055556,71.15277778,93.45,1007.873611,0.4,38311,4.39,4
15.70486111,82.5,126.3,1008.366667,0,7688,1.24,1
13.22152778,69.31944444,118.77,1012.390972,0,40377,4.35,4
16.86041667,74.31944444,262.27,1010.445139,0,37965,4.66,5
17.30833333,88.39583333,342.76,1005.424306,23.6,12957,1.96,2
11.07916667,76.36805556,151.02,1014.375694,0,28859,3.04,3
10.91041667,81.81944444,126.74,1016.372917,0,36373,3.51,4
14.97777778,72.27777778,243.6,1013.784028,0,37278,4.48,4
21.38541667,75.99305556,292.14,1006.538194,0,31205,4.41,4
19.78125,92.20833333,250.67,1003.643056,44.6,1186,0.6,1
16.15,97.20138889,337.14,1004.470833,49.6,2559,0.33,0
12.48263889,93.97916667,571.17,1012.303472,15.2,4918,0.81,1
13.05416667,93.75694444,454.67,1017.035417,22.2,9300,1.12,1
12.69027778,95.61805556,371.23,1015.434028,12.4,11512,1.16,1
13.93125,90.77083333,147.38,1012.428472,3.2,27101,2.7,3
15.20625,75.17361111,142.96,1012.461806,0.2,41386,4.57,5
18.05833333,88.52083333,312.39,1003.342361,43.4,21027,2.8,3
20.70347222,81.64583333,302.84,1000.59375,45.2,34345,4.4,4
14.99027778,70.91666667,136.7,1013.621528,0,42514,4.61,5
11.88705036,74.64748201,206.76,1021.054861,0,38611,4.08,4
12.53055556,73.375,200.75,1019.373611,0,41268,4.48,4
14.61180556,89.77777778,322.18,1008.877083,25.8,3687,0.88,1
20.23472222,87.78472222,316.97,1000.941667,91.8,17656,2.53,3
16.69375,83.72916667,296.65,1005.297222,0,39099,4.63,5
17.51944444,87.16666667,253.35,1007.986806,0,19014,2.46,2
15.85416667,86.61111111,157.38,1014.918056,0.4,41470,4.2,4
14.31944444,80.26388889,341.92,1017.972222,0,35039,4.1,4
14.77916667,87.81944444,278.14,1014.294444,0.8,7059,1.25,1
19.33888889,84.78472222,134.59,1010.646528,0,27549,3.05,3
19.62986111,86.93055556,251.75,1011.335417,0,29293,3.7,4
20.34305556,84.33333333,327.02,1012.290278,0.2,27550,3.66,4
23.64791667,74.07638889,218.47,1008.99375,0,43262,5.61,6
19.46666667,94.73611111,162.25,1006.721528,51.8,4850,0.68,1
15.79166667,92.54166667,350.41,1011.647222,5.2,10471,1.27,1
15.13333333,82.46527778,393.01,1015.1,0,27180,3.75,4
15.07013889,89.60416667,336.7,1012.3625,0.6,7445,1.31,1
18.69722222,90.43055556,195.03,1009.888889,0,22299,2.5,3
16.29444444,94.90277778,368.81,1013.454167,6,9151,1.01,1
15.83402778,89.34027778,311.6,1013.880556,14.8,22572,2.71,3
16.17708333,72.5625,163.56,1016.467361,0.2,47572,5.54,6
18.38055556,61.72222222,262.76,1013.575694,0,48435,6.62,7
20.39861111,80.35416667,179.85,1008.293056,0,43174,4.89,5
23.73263889,75.77777778,155.64,1007.233333,0,38774,4.91,5
21.31415929,91.27433628,170.36,1000.655882,33.4,5308,0.82,1
21.87708333,88.10416667,148.53,988.5277778,0,22528,2.77,3
20.67569444,79.875,279.41,984.8215278,18.6,26164,3.66,4
21.01875,80.25,412.08,978.0708333,18.8,30428,4.47,4
18.42847222,71.875,205.41,985.7881944,0,37747,4.6,5
19.47777778,63.82638889,198.57,987.7388889,0,49273,6.44,6
17.63611111,80.01388889,279.76,984.4611111,0.6,10035,1.79,2
19.86319444,83.65972222,156.45,980.3083333,0,14969,1.98,2
21.11805556,78.81944444,111.34,979.5215278,0,32933,3.81,4
18.58194444,90.10416667,91.75,978.1902778,4.2,15761,1.77,2
15.41736111,81.98611111,142.21,983.7881944,1.2,23418,2.7,3
15.76527778,67.93055556,98.83,989.2,0.2,50494,5.36,5
19.42638889,66.54861111,172.06,987.5465278,0,49892,6.04,6
17.54375,69.45138889,341.83,987.0298611,0,48619,6.46,6
17.0125,71.89583333,347.59,984.5819444,0,42266,5.71,6
18.66319444,73.80555556,346.7,986.0194444,0,24931,3.81,4
20.88263889,80.0625,295.56,986.0444444,0.2,20174,2.99,3
21.64722222,84.79861111,255.83,980.99375,0.6,15063,2.31,2
20.70833333,69.73611111,176.81,982.7590278,3.6,44219,5.27,5
18.79791667,54.61805556,95.99,990.2340278,0,50966,6.12,6
19.06805556,56.90972222,152.48,992.5486111,0,50398,6.35,6
20.76944444,52.79861111,256.16,990.1354167,0.8,44344,6.38,6
20.88958333,76.92361111,315.4,989.4354167,0,27014,4.05,4
21.25902778,78.13194444,233.07,986.9236111,0,21003,3.08,3
23.18541667,77.02777778,186.43,981.0555556,45.6,42450,5.22,5
19.86319444,75.6875,162.59,984.6451389,0,32916,4.27,4
17.68611111,67.57638889,146.36,988.4666667,0,46799,5.31,5
17.60833333,64.40277778,115.29,988.1847222,0,52394,5.94,6
21.75069444,61.1875,193.01,984.6958333,0,51898,6.79,7
20.64513889,81.67361111,121.49,982.0375,14.2,12519,1.81,2
21.53819444,67.75,38.92,983.6673611,0.2,49019,5.55,6
23.94583333,57.88194444,146.82,983.0930556,0,50509,6.63,7
26.48541667,59.3125,204.88,980.6256944,0,48332,6.95,7
22.45833333,76.71527778,236.31,979.2756944,18.2,27043,3.75,4
22.40347222,80.23611111,194.45,980.4111111,0,24414,3.4,3
22.57222222,73.32638889,171.03,985.8513889,0,43612,5.52,6
20.88194444,64.57638889,195.52,989.7125,0.2,51666,6.73,7
22.53472222,76.99305556,317.81,981.7833333,33.2,22128,3.66,4
20.99583333,86.00694444,149.47,980.2597222,82.2,15134,1.97,2
20.66597222,71.49305556,215.67,988.6,2.8,50674,6.02,6
19.92013889,67.90277778,260.93,991.1201389,0,52238,6.72,7
22.24861111,76.61111111,281.83,985.8229167,0.2,29873,4.49,4
20.07083333,87.86111111,220.49,983.5097222,45.2,1323,0.72,1
21.96805556,85.02777778,232.8,981.7645833,10,17180,2.37,2
21.74513889,88.42361111,208.72,986.2708333,0.8,13443,1.81,2
22.61180556,77.33333333,286.9,988.8833333,0,36834,5.2,5
20.98055556,82.40277778,160.04,985.6118056,0,22037,3.02,3
24.50486111,75.20833333,110.76,981.4055556,0,43746,5.23,5
25.96388889,72.125,183.89,982.2479167,0,44229,6.06,6
25.46875,79.01388889,149.93,982.3666667,0.6,27772,3.95,4
25.38125,87.03472222,144.53,978.0881944,7.4,20605,2.85,3
22.56388889,84.15972222,214.45,981.7305556,2,26706,3.58,4
22.15208333,79.5,241.59,985.3881944,0,20143,3.04,3
22.00694444,79.56944444,264.67,987.75,0,23015,3.53,4
24.28888889,74.00694444,292.4,987.0868056,0,36319,5.39,5
24.96180556,73.79861111,214.3,985.4763889,0.6,39138,5.26,5
22.57222222,89.97916667,260.37,983.9111111,78.2,10303,1.57,2
24.01944444,87.66666667,135.02,984.7347222,1.8,20161,2.66,3
21.75277778,80.94444444,244.17,986.8701389,0.6,31224,4.22,4
21.21180556,75.41666667,163.97,986.1958333,0.2,49940,5.91,6
22.70277778,71.9375,235.12,987.1763889,0,49673,6.61,7
24.0875,80.0625,167.52,984.8041667,0,26091,3.61,4
25.02847222,81.75694444,158.79,982.0576389,0.2,37625,4.8,5
25.09444444,75.29166667,105.09,980.9972222,0,47914,5.63,6
23.7125,72.85416667,289.99,984.1368056,0,35179,5.51,6
22.24930556,58.20138889,243.73,987.4069444,0,50936,7.29,7
22.93611111,58.88888889,166.98,984.9520833,0,50990,6.76,7
23.61527778,62.33333333,122.42,986.66875,0,50450,6.72,7
25.74097222,58,99.96,986.3229167,0,50542,6.65,7
26.76388889,54.19444444,155.28,986.7152778,0,49854,7.03,7
24.25486111,72.90972222,156.79,988.2319444,0,48843,6.05,6
23.63333333,70.16666667,136.44,989.2097222,0.2,46298,5.7,6
24.57083333,67.64583333,179.31,989.99375,0,48930,6.41,6
24.58611111,63.75,286.91,988.1868056,0,49893,7.03,7
25.72777778,65.64583333,216.97,986.3284722,5.6,45971,6.7,7
26.64583333,64.73611111,213.27,982.4736111,0.2,47948,7.02,7
24.36527778,62.5,165.15,980.3138889,0,30264,4.54,5
20.43680556,69.56944444,85.81,984.6861111,0.8,28285,3.56,4
20.78611111,69.3125,163.46,989.2284722,0,48127,5.75,6
22.16597222,75.03472222,243.03,988.55,0,26244,3.83,4
23.86388889,82.74305556,175.89,985.8354167,2,22960,3.08,3
23.93680556,82.5625,175.68,985.4729167,0.4,28642,3.84,4
23.14722222,74.77083333,180.15,988.075,0.4,39096,5.07,5
20.13888889,69.01388889,158.37,992.0194444,0,44508,5.34,5
20.21736111,71.13888889,158.35,991.5541667,0,41159,5.32,5
21.73125,76.90277778,189.83,987.7430556,0.2,24856,3.58,4
23.38611111,77.125,115.19,984.9729167,0.2,36897,4.66,5
23.77777778,70.875,151.79,988.6618056,0,41572,5.41,5
24.01875,67.61805556,189.79,991.4423611,0,47333,6.49,6
25.57013889,67.875,229.5,987.9305556,0,43986,6.02,6
26.0125,76.36805556,228.05,983.7951389,12.4,24298,3.97,4
26.43819444,76.84722222,202.76,984.2736111,1.2,30659,4.41,4
26.91666667,63.57638889,122.88,988.0027778,0,47457,6.21,6
25.69166667,66.10416667,182.53,987.4506944,0,43384,6,6
26.40416667,61.77777778,176.37,984.0743056,0,46647,6.42,6
23.20486111,88.44444444,167.39,980.8069444,45.6,6907,1.2,1
23.69444444,82.72222222,82.74,983.9506944,0.2,34710,4.06,4
24.62847222,62.88194444,196.61,985.43125,0.2,43831,6.38,6
24.97569444,72.20138889,252.64,983.0131944,7.2,36604,5.42,5
23.98541667,82.66666667,288.37,981.0743056,9.6,20389,3.11,3
23.79027778,79.29861111,57.25,986.1673611,0,42626,4.73,5
24.41736111,79.17361111,142.33,985.1597222,11.2,29675,3.89,4
23.96666667,76.52083333,229.63,986.8,0,44790,5.79,6
24.05763889,73.9375,233.04,987.8583333,0,42901,5.71,6
24.6375,75.90277778,217.13,986.1229167,0,36388,4.97,5
25.33888889,76.01388889,119.75,985.0125,0,39802,4.85,5
26.08888889,72.6875,108.16,981.8888889,0,39721,5.26,5
26.93541667,68.08333333,108.68,980.3201389,0,41240,5.61,6
24.97916667,76.04166667,182.68,977.9583333,39.6,28739,4.17,4
21.0625,77.28472222,102.06,982.9027778,0,36331,4.1,4
20.4125,65.04166667,42.49,989.7631944,0,44398,5.19,5
22.24513889,63.34722222,64.33,992.2125,0,43346,5.46,5
22.77777778,59.19444444,231.63,991.3555556,0,34674,5.41,5
20.60972222,78.875,312.94,990.1,0,13763,2.55,3
19.53819444,81.47222222,346.09,987.0673611,1.2,20658,3.44,3
19.31527778,82.22916667,89.05,986.7972222,0,22222,2.57,3
19.57777778,77.1875,164.74,986.4958333,0,22529,3.08,3
18.69097222,70.60416667,121.04,988.01875,0,38891,4.68,5
17.19444444,68.89583333,57.07,990.9465278,0,41712,4.62,5
21.55138889,64.13888889,147.66,989.0104167,0,41984,5.46,5
21.07708333,81.00694444,76.99,986.8194444,2.8,12710,1.57,2
20.25347222,83.10416667,120.6,986.6569444,2.6,20697,2.62,3
17.9625,90.5,139.92,986.13125,23.8,12518,1.41,1
17.27083333,77.5625,130.38,993.73125,0.4,35044,4,4
17.51944444,73.82638889,102.39,996.6090278,0,34978,4.11,4
20.44722222,73.72222222,152.52,994.7166667,0,37383,4.44,4
23.29027778,70.35416667,200.06,993.3305556,0,39331,5.12,5
23.55625,68.22916667,142.63,993.3041667,0,38894,5.1,5
25.49583333,69.46527778,142.79,989.2090278,0,36869,5.01,5
25.24027778,73.86805556,236.31,986.5402778,12.8,25632,4.37,4
17.92361111,83.46527778,318.09,993.1597222,2.8,11579,1.87,2
16.35,89.38194444,266.38,993.7069444,30,4326,0.82,1
18.17847222,93.97916667,123.25,988.5569444,10.6,10224,1.05,1
18.95972222,83.39583333,93.45,989.5923611,1.6,26311,2.97,3
18.86805556,78.08333333,102.68,990.6305556,0.2,29637,3.54,4
19.78611111,77.25694444,242.23,990.7284722,0,30315,4.25,4
17.70972222,86.70138889,344.28,991.6243056,3.4,6426,1.44,1
17.45972222,94.03472222,382.5,984.28125,101,6281,1,1
18.03611111,94.125,294.98,983.5395833,9,11200,1.32,1
19.10416667,88.90972222,251.13,988.0479167,2.4,17861,2.4,2
19.82430556,81.79861111,77.4,992.1888889,0,25815,2.9,3
19.61041667,76.84027778,49.63,993.1569444,0.2,35168,3.96,4
20.76111111,76.49305556,128.38,992.6236111,0,33455,4,4
21.50972222,76.34722222,207.3,990.4486111,0,33928,4.48,4
19.81111111,88.9375,153.89,985.9715278,19,9195,1.39,1
19.49375,86.66666667,71.66,989.2326389,0.4,19665,2.18,2
19.27916667,88.19444444,265.83,991.7958333,24.4,8021,1.38,1
21.13958333,88.4375,105.92,989.7298611,1.4,8629,1.25,1
21.82986111,89.90277778,182.07,984.6520833,21.2,9360,1.36,1
20.34166667,90.24305556,131.46,986.6479167,0.2,15547,1.76,2
18.49861111,92.625,170.51,986.4305556,35,4285,0.61,1
20.76041667,88.99305556,144.18,986.7201389,0.6,17434,2.04,2
19.46041667,90.75,266.1,990.3027778,9.4,7071,1.18,1
18.88055556,90.22916667,315.76,992.7083333,19.6,9637,1.53,2
19.44027778,87.64583333,350.86,994.6097222,0.2,10103,1.73,2
20.27361111,89.3125,236.62,987.6430556,23.4,7016,1.24,1
20.79722222,85.90277778,39.23,987.7944444,0,21168,2.36,2
25.35416667,76.60416667,255.06,984.0416667,0,26740,4.16,4
27.44444444,67.52777778,315.67,983.5631944,0,27407,5.15,5
26.96736111,69.97222222,214.88,985.7097222,0,25733,4.59,5
22.66180556,86.78472222,198.16,986.7847222,32.8,4734,1.04,1
21.96666667,91.26388889,167.84,983.7868056,41,6747,1.08,1
18.62083333,90.27083333,122.56,986.2458333,0.4,10723,1.21,1
17.28541667,91.79166667,173.47,985.0201389,35.8,8702,1.2,1
16.44791667,82.68055556,211.03,1004.148611,0.4,28941,3.42,3
21.07916667,85.04861111,220.43,1006.386111,14,14522,2.27,2
19.41597222,91.88888889,195.22,1003.920833,85.8,4132,0.75,1
15.95069444,94.1875,213.68,1003.401389,11.8,4306,0.47,0
10.53194444,84.86111111,198.56,1012.772917,4.8,16323,1.71,2
7.981944444,78.0625,235.1,1018.389583,0,15851,1.94,2
7.536111111,78.17361111,146.52,1021.613889,0,26418,2.51,3
9.215972222,79.68055556,52.27,1021.450694,0,13846,1.34,1
9.076388889,79.97916667,93.76,1021.845139,0,17435,1.74,2
9.598611111,75.51388889,38.56,1020.456944,0,27475,2.62,3
12.41736111,73.63194444,46.65,1019.234028,0,24270,2.54,3
11.96597222,85.80555556,80.75,1020.655556,1,12278,1.27,1
11.09305556,82.59722222,49.6,1019.246528,0.2,25961,2.53,3
12.14166667,76.61111111,108.79,1019.533333,0.2,20697,2.42,2
13.06388889,85.92361111,225.94,1019.291667,0,19327,2.26,2
13.74652778,86.8125,149.11,1019.936806,0,13235,1.58,2
15.35416667,87.93055556,200.78,1016.879861,0.2,5134,0.88,1
17.04444444,90.28472222,130.39,1014.197917,0,10632,1.19,1
16.66180556,88.63194444,171.31,1016.152778,0.4,8105,1.15,1
11.93611111,90.82638889,259.94,1020.982639,0.4,7466,0.83,1
10.23125,79.22222222,223.8,1023.920139,0,21633,2.48,2
10.09097222,89.40972222,107.23,1023.860417,0.2,10972,1.16,1
14.7875,85.99305556,175.15,1018.33125,0.2,13264,1.63,2
15.66944444,92.625,240.05,1006.638194,60.6,2605,0.6,1
10.34583333,85.68055556,233.06,1014.690278,1,9584,1.37,1
8.182638889,78.51388889,198.15,1018.060417,0,19963,2.26,2
8.640972222,78.84722222,89.09,1020.35625,0,20655,1.96,2
7.985416667,81.92361111,66.37,1022.326389,0,20893,1.91,2
9.000694444,89.22222222,161.47,1020.59375,0,9743,1.11,1
10.89652778,92.21527778,59.6,1019.044444,0.4,7192,0.71,1
10.74097222,89.43055556,105.62,1018.599306,0,9357,1.02,1
7.2375,91.47222222,72.93,1025.722222,0.2,9661,0.8,1
9.859027778,78.625,95.62,1027.511806,0.2,22302,2.35,2
13.87794118,80.94852941,197.51,1021.730147,0,16358,2.42,2
12.76388889,86.9375,103.05,1019.633333,0,14693,1.59,2
12.06875,94.43055556,75.15,1021.170833,0,6962,0.63,1
15.04375,88.25,189.85,1021.193056,0.4,9455,1.27,1
16.22916667,91.16666667,207.36,1012.730556,20,3308,0.67,1
14.64305556,91.64583333,292.41,1008.805556,1,7177,0.95,1
12.93472222,85.58333333,275.96,1010.681944,3.2,15125,1.85,2
10.6625,83.38194444,141.18,1012.79375,0,15836,1.74,2
10.13194444,82,213.17,1011.911111,0.2,17100,1.98,2
8.814583333,82.58333333,148.75,1012.813194,0,10529,1.31,1
8.072222222,83.57638889,43.22,1014.829861,0,12449,1.19,1
7.483333333,89.09722222,56.8,1015.95625,0,10459,0.91,1
6.559722222,88.5,50.21,1016.370833,0.2,11325,1.04,1
9.507638889,75.85416667,350.47,1015.365278,0.2,20568,3,3
6.621527778,69.4375,217.64,1019.586806,0,21186,2.57,3
6.108333333,67.3125,112.49,1022.10625,0,20662,2.4,2
7.229166667,73.53472222,218.69,1022.983333,1.4,20502,2.2,2
4.524305556,78.91666667,192.06,1025.375,0,20355,2.02,2
6.089583333,72.875,112.14,1027.273611,0,20627,2.17,2
7.920833333,72.23611111,82.86,1027.006944,0,20713,2.29,2
11.44166667,74.70138889,120.38,1023.372917,0.2,17622,2.21,2
12.14236111,73.79861111,53.6,1022.113194,0,18515,2.09,2
11.24513889,83.27083333,53.13,1020.365278,0,18266,1.77,2
7.973611111,87.20833333,55.82,1021.386806,0,17639,1.49,1
7.898611111,81.23611111,38.77,1023.380556,0.4,19993,1.88,2
8.13125,81.33333333,49.31,1024.428472,0,17095,1.66,2
6.088888889,83.8125,186.87,1026.720833,0.2,18492,1.67,2
7.863194444,81.45138889,175.88,1027.061806,0.2,18681,2.11,2
11.61388889,82.79861111,133.82,1022.211806,0,11476,1.5,2
12.2625,79.09027778,51.76,1020.735417,0,13782,1.49,1
10.3375,84.64583333,175.77,1020.753472,0,15445,1.83,2
12.13958333,89.61805556,157.06,1020.45,8.8,7388,0.81,1
13.18333333,95.08333333,197.12,1021.904167,21,1927,0.22,0
14.78333333,88.30555556,105.8,1022.640278,0.2,11145,1.1,1
14.94236111,91.63194444,77.52,1021.591667,0,6830,0.74,1
17.35625,85.15277778,176.24,1013.545833,1,17310,2.24,2
18.10972222,76.11805556,151.46,996.5118056,0,18346,2.58,3
17.34652778,80.86111111,148.65,995.1486111,0,17529,2.36,2
19.08819444,74.84722222,169.27,994.3902778,0,17383,2.71,3
20.11458333,72.58333333,242.65,991.7361111,0,18331,3.2,3
21.45347222,64.69444444,301.54,989.5590278,0,15632,3.43,3
16.93333333,85.64583333,127.36,986.6840278,44,3656,0.75,1
9.479166667,91.52083333,387.57,987.3479167,2.6,4252,0.73,1
10.26527778,77.79166667,276.63,994.1666667,0,20826,2.57,3
10.45902778,77.83333333,42.71,997.8340278,0,17242,1.76,2
10.59583333,88.75,140.22,992.5763889,12.8,2573,0.53,1
11.00069444,92.23611111,115.71,989.1333333,0,17005,1.48,1
12.04097222,95.125,253.67,984.2069444,58.8,919,0.15,0
12.00416667,93.77083333,203.03,987.9881944,1,9648,1,1
9.269444444,83.48611111,117.68,991.5013889,0.2,21018,2.19,2
11.89583333,92.48611111,163.76,986.1402778,1.6,6334,0.7,1
11.95,96.51388889,142.06,987.4152778,3,6678,0.58,1
7.14375,90.84722222,289.66,993.7715278,0.2,7571,0.87,1
5.029166667,90.125,254.59,998.73125,0.4,13696,1.07,1
6.759027778,88.77777778,78.87,1001.7125,0.2,14924,1.2,1
5.779861111,84.86111111,62.94,1001.825,0,20126,1.66,2
4.407638889,92.875,65.13,1001.309722,0.2,9137,0.71,1
6.636805556,91.93055556,70.76,1000.225,0.2,17239,1.34,1
7.763194444,83.50694444,157.62,997.9541667,0.2,21496,2.05,2
13.00277778,82.13194444,193.73,991.9583333,0,20421,2.37,2
13.08333333,90.54166667,152.44,993.5402778,0,14721,1.5,2
13.22986111,90.04861111,342.22,989.8458333,0,6981,1.05,1
12.44305556,90.24305556,496.97,984.7986111,10,7242,1.35,1
7.847222222,85.18055556,282.6,997.1375,0,9581,1.23,1
6.3,87.49305556,116.66,1001.822222,0,21371,1.9,2
10.22361111,84.55555556,238.22,998.7027778,0,22164,2.41,2
14.97569444,82.89583333,252.98,994.1236111,0,15897,2.16,2
20.59444444,69.52083333,364.26,989.5298611,0,15885,3.48,3
14.77222222,82.8125,229.61,992.8305556,0,11187,1.75,2
9.367361111,85.22916667,243.55,1001.422222,0,13334,1.68,2
11.62361111,87.32638889,271.49,996.1965278,0,11913,1.57,2
17.18611111,87.45138889,172.95,989.3972222,0,15997,1.88,2
20.96458333,77.92361111,186.29,984.9881944,0,19416,3.02,3
13.78680556,96.10416667,156.48,987.9583333,16,1167,0.12,0
11.45555556,84.25694444,72.36,993.1326389,0.2,24918,2.47,2
12.08055556,75.61111111,135.22,993.5152778,0,23462,2.56,3
12.50555556,79.34027778,92.13,994.7777778,0,20900,2.3,2
10.77569444,86.66666667,89.71,998.7013889,0.2,20252,1.91,2
10.20208333,87.44444444,188.21,997.49375,0.2,21073,2.09,2
12.98819444,81.55555556,127.04,993.4055556,0.2,26136,2.65,3
14.81041667,76.125,159.27,986.8006944,0.2,26625,3.54,4
17.07986111,74.65277778,33.01,985.0333333,0,22562,2.67,3
18.20833333,78.77777778,199.66,980.025,0,16763,2.59,3
16.37361111,72.47222222,175.89,980.2986111,0,24213,3.27,3
15.14097222,71.47222222,162.27,984.4090278,8.2,27445,3.34,3
11.82013889,60.27083333,106.42,993.0625,0,28156,3.61,4
15.00486111,56.02777778,307.54,988.7347222,0,28181,4.7,5
13.35347222,82.9375,452.24,988.8951389,0.6,16017,2.63,3
8.346527778,77.27777778,149.73,999.8125,0,26757,2.4,2
9.63125,66.14583333,189.9,997.8118056,0,28986,3.74,4
13.51666667,58.81944444,111.42,996.0381944,0,29269,3.62,4
16.94722222,59.90972222,214.72,991.9347222,0,29302,4.12,4
18.86388889,66.63194444,154.25,989.1840278,0,28982,3.99,4
22.64305556,68.89583333,238.25,985.0333333,0,25968,4.05,4
24.22569444,72.90277778,318.06,981.9736111,5,16086,3.48,3
15.57569444,95.18055556,202.7,985.4055556,8.4,4210,0.58,1
14.42569444,98.20833333,311.08,989.5902778,22,2901,0.33,0
14.84375,98.59722222,160.35,985.1111111,17.8,3834,0.34,0
14.77152778,91.47222222,107.51,986.2333333,8.2,18924,1.84,2
12.89027778,88.02777778,159.5,994.5173611,0.2,26714,2.69,3
9.785416667,93.40972222,412.54,999.1875,0.2,5617,0.89,1
9.345833333,95.20138889,336.62,1001.272917,4,3448,0.39,0
12.23888889,97.43055556,261.16,998.05625,1,6748,0.66,1
14.84375,95.02777778,151.44,991.8944444,12.4,10924,1.11,1
9.459027778,95.27777778,540.21,986.5840278,6.2,11807,1.15,1
10.98888889,94.29166667,487.65,988.1854167,3.4,6579,0.79,1
12.18958333,91.40277778,156.56,993.0854167,0,13069,1.21,1
14.91041667,79.89583333,90.55,993.8611111,0.2,33519,3.65,4
18.90972222,73.14583333,122.74,993.6034722,0,33696,4.27,4
19.97777778,75.93055556,202.75,989.3222222,0,32926,4.33,4
17.12916667,87.65972222,273.54,977.7381944,7,8578,1.45,1
16.19305556,78.49305556,439.33,975.7847222,20.4,27740,3.88,4
12.02222222,77.38888889,521.97,983.9854167,0,9648,2.18,2
11.51597222,78.02777778,146.03,991.7375,0,35481,3.44,3
13.18472222,73.35416667,93.82,991.7013889,0.2,33828,3.63,4
15.92916667,78.9375,137.98,986.5236111,0,34421,3.75,4
14.06666667,88.76388889,120.86,989.90625,0,25860,2.55,3
12.68680556,79.72916667,115.57,994.8819444,0,32642,3.13,3
13.83680556,84.32638889,141.07,996.4270833,0,23084,2.58,3
17.27777778,76.95833333,266.99,994.33125,0,35358,4.44,4
18.70972222,71.67361111,200.58,990.6208333,0,36794,4.52,5
14.97222222,70.45833333,166,993.8819444,0,36276,4.13,4
9.526388889,77.77083333,126.35,996.6486111,0,26998,2.68,3
11.02291667,82.79166667,139.29,995.4173611,0,27047,2.57,3
11.82152778,78.35416667,105.76,992.8048611,0.2,36664,3.7,4
14.61666667,64.34722222,175.77,991.7243056,0,39482,4.74,5
16.78472222,68.71527778,181.69,989.6833333,0,38914,4.81,5
14.01597222,74.34722222,367.01,993.5506944,0,38514,4.84,5
12.83888889,76.97916667,307.41,993.2173611,0,38494,4.45,4
15.56319444,76.71527778,276.21,995.2506944,0,37258,4.42,4
17.25138889,75.38194444,314.04,993.7736111,0,37379,4.74,5
16.9125,80.72916667,319.71,990.7875,0,21340,3.03,3
16.25972222,84.14583333,306.01,989.85,0,26495,3.48,3
16.44236111,82.07638889,385,986.7993056,0,18181,2.73,3
16.09166667,75.84027778,307.59,985.8020833,0.4,32343,4.28,4
16.28541667,77.89583333,189.98,984.9104167,0,28922,3.44,3
14.53819444,70.09027778,212.08,988.3173611,0,43744,5.04,5
12.57708333,63.0625,61.53,994.4625,0,44939,4.66,5
16.52867133,52.40559441,214.76,993.4937063,0,40180,5.77,6
19.75972222,63.06944444,138.82,987.0444444,0,43085,5.26,5
20.44305556,77.47222222,267.64,982.9493056,0,21785,3.24,3
21.64236111,77.8125,159.81,981.0409722,1,36776,4.36,4
20.98680556,78.34027778,202.78,986.9333333,0,38564,4.77,5
19.24652778,87.36111111,340.74,982.8333333,9.6,8995,1.55,2
21.22361111,88.54861111,244.8,977.8909722,32.2,19240,2.47,2
19.92222222,92.80555556,149.62,982.6875,22.4,12265,1.36,1
16.34652778,92.34027778,337.21,985.3090278,2.6,10877,1.41,1
18.49097222,94.38888889,269.9,979.8701389,30.6,10007,1.35,1
15.97152778,88.81944444,209.4,985.5673611,0.6,20459,2.18,2
15.15486111,83.9375,136.92,991.7548611,0.4,27241,3.01,3
15.92569444,78.84027778,175.14,992.2541667,0,45231,4.81,5
20.40833333,83.60416667,185.49,987.7180556,0,33931,4.07,4
19.61458333,93.28472222,228.43,986.6166667,0,14501,1.66,2
20.46458333,88.16666667,389.4,985.2416667,0,15408,2.36,2
19.88055556,91.64583333,238.93,979.2819444,12.4,16118,2.05,2
13.37430556,79.55555556,405.32,981.0909722,3.6,15290,2.38,2
13.08611111,70.93055556,199.5,992.4777778,0,45556,4.62,5
15.63819444,70.34027778,206.8,996.0236111,0,48591,5.67,6
19.20833333,72.34027778,299.48,989.4583333,0,48014,6.11,6
21.16111111,75.15277778,214.59,981.4861111,0,34846,4.61,5
19.99097222,87.77777778,316.19,976.0791667,50.2,2522,0.94,1
14.77569444,76.50694444,401.82,984.15625,0.8,34498,4.6,5
14.55625,65.65972222,115.1,993.1736111,0,49801,5.59,6
19.6375,61.92361111,146.17,994.2041667,0,48503,6.14,6
23.07013889,59.46527778,127.35,992.6263889,0,48745,6.4,6
23.81736111,60.29861111,202.05,986.3375,0,48148,6.77,7
26.04305556,58.80555556,119.44,984.6666667,0,45329,6.03,6
23.00416667,73.13194444,225.16,983.9125,0,27462,4.16,4
21.02361111,83.80555556,155.03,981.1541667,0,28035,3.54,4
23.26111111,77.29166667,143.76,980.8194444,1,40493,5.08,5
18.72152778,60.43055556,323.49,984.8430556,0,44750,6.26,6
17.35625,53.75,270.89,989.2048611,0,50485,6.78,7
20.73680556,63.28472222,165.42,984.6569444,0,49848,6.13,6
23.59861111,64.45138889,114.47,980.7069444,0,44347,5.55,6
23.78055556,63.96527778,154.52,977.8395833,1.4,35566,4.82,5
20.78333333,79.45138889,251.86,981.2506944,0,41665,5.1,5
15.52777778,83.33333333,187.05,988.2645833,20,19652,2.34,2
13.54791667,80.09722222,184.62,993.5263889,0,33599,3.82,4
17.10486111,69.6875,180.66,990.1194444,0,46497,5.37,5
18.21388889,71.65277778,137.84,985.2979167,0,28995,3.66,4
17.36527778,81.10416667,139.73,987.2576389,0.2,48665,5.08,5
14.98958333,69.36805556,88.29,989.2645833,0,52105,5.35,5
18.57986111,63.82638889,85.21,986.3020833,0,51483,6.04,6
21.70069444,57.04166667,218.48,987.0458333,0,51019,7.2,7
22.40416667,66.70833333,234.94,986.2541667,0,50516,6.64,7
24.59930556,73.95138889,225.86,982.7625,19.2,46438,6.22,6
20.58402778,92.28472222,86.93,982.4944444,7,11694,1.25,1
21.65902778,74.13888889,241.25,986.4125,0.2,44264,5.89,6
19.66111111,70.27083333,173.29,991.4756944,0,51322,6.14,6
18.85555556,66.10416667,197.4,993.3041667,0,53124,6.71,7
21.95555556,64.91666667,333.96,989.8826389,0,51873,7.2,7
24.10694444,75.13888889,151.75,987.3951389,0,30918,4.11,4
20.24791667,91.88194444,207.57,984.4958333,4.8,12617,1.63,2
21.64791667,79.5625,197.96,984.6805556,0,39676,5.05,5
22.77569444,68.25694444,170.28,983.6868056,0,52412,6.45,6
23.99375,66.76388889,163.83,983.2458333,0,46241,6.35,6
23.19513889,58.1875,108.19,984.3291667,0,45138,5.95,6
22.80902778,65.70138889,202.18,984.8652778,0,40307,5.5,6
19.49166667,66.9375,251.16,986.1770833,0,52847,6.69,7
22.53541667,67.79166667,167.81,980.9666667,0,45114,5.84,6
24.98888889,57.45833333,231.98,979.65625,0,51646,7.73,8
24.37777778,56.19444444,284.5,978.7361111,0,52172,8.12,8
23.05416667,60.02777778,213.5,981.5576389,0,24819,4.15,4
17.17986111,60.35416667,160.38,992.9201389,0,54276,6.64,7
18.09861111,56.91666667,191.05,997.4173611,0,53761,6.97,7
21.98194444,61.54166667,298.83,994.2590278,0,52725,7.75,8
25.62638889,61.75694444,233.33,988.6159722,0,45235,6.57,7
26.51388889,71.76388889,329.73,983.9694444,1.2,41742,6.42,6
22.66458333,80.00694444,209.55,982.0638889,1.4,23153,3.3,3
24.08055556,57.39583333,108.63,985.2652778,0,53559,7.17,7
26.65277778,57.15972222,208.45,984.0652778,0,46729,6.84,7
27.66388889,71.02083333,210.25,984.4256944,0,38392,5.72,6
25.82916667,72.70138889,221.85,983.1472222,2.4,30724,4.47,4
24.42361111,74.63194444,129.18,985.5201389,0,40871,5.27,5
25.99444444,75.02777778,346.37,981.3256944,4.2,37526,6.12,6
23.45138889,91.15277778,275.97,978.5083333,19.4,10248,1.69,2
21.20833333,97.15972222,117,985.0902778,19.4,9838,1.02,1
22.79930556,86.69444444,197.97,988.93125,0,28215,3.52,4
23.26180556,89.75694444,192.5,986.6916667,12,18112,2.38,2
24.52430556,88.59722222,183.06,983.3604167,14.4,28065,3.44,3
26.11111111,86.63194444,196.59,981.1604167,3,28470,3.57,4
27.26805556,85.02083333,154.96,982.1298611,6.2,38272,4.64,5
26.42638889,82.8125,221.38,985.4368056,0,36103,4.8,5
24.77083333,84.40972222,252.69,983.0895833,33.4,28911,3.97,4
22.38680556,88.10416667,179.14,981.2215278,33.2,18549,2.31,2
23.37708333,88.90277778,58.85,984.7451389,0,20778,2.27,2
22.52430556,78.26388889,280.3,990.3833333,0,47229,5.97,6
23.72222222,82.76388889,129.56,986.83125,0,31098,3.96,4
25.04444444,89.09722222,60.06,983.0305556,2,21829,2.54,3
26.41805556,85.28472222,197.89,978.25,24.8,39424,5.15,5
23.21944444,92.63194444,188.96,981.9194444,17.4,20545,2.41,2
22.75416667,82.03472222,165.31,988.2291667,0,40956,4.77,5
23.69791667,77.96527778,154.83,988.7729167,0,50047,5.86,6
26.26666667,76.61805556,221.24,983.8965278,0,44744,6.2,6
23.17777778,89.77777778,201.7,983.6423611,20,28494,3.29,3
24.89166667,83.40277778,240.86,983.0138889,17.4,43236,5.41,5
23.53776224,88.11188811,345.73,978.541958,19.8,22279,3.31,3
23.94861111,83.83333333,199.89,975.8451389,1.2,30268,4.09,4
24.14444444,80.65277778,136.23,983.0229167,0.4,45711,5.38,5
22.80277778,70.55555556,194.32,990.0083333,0,51396,6.69,7
23.81111111,68.11111111,227.19,991.6006944,0,50558,6.9,7
23.38541667,71.60416667,205.75,990.6576389,0,50253,6.58,7
23.44513889,75.17361111,219.45,987.3847222,0,49856,6.47,6
23.96180556,78.68055556,154.95,985.96875,0.2,37411,4.77,5
23.28958333,85.23611111,166.45,982.5673611,2.6,27478,3.47,3
22.66388889,76.88194444,173.22,982.7090278,0,43617,5.3,5
18.7375,81.71527778,132.72,988.8909722,1.6,26462,3.3,3
18.65486111,75.68055556,86.79,992.65,0.2,43785,4.85,5
21.52916667,69.54166667,130.38,992.6597222,0,51437,6.09,6
24.58541667,73.47222222,181.76,990.9534722,0,45661,5.73,6
25.94583333,77.41666667,187.38,988.6326389,0,37744,5.03,5
25.56388889,77.27083333,195.21,986.1125,0.4,32017,4.35,4
25.43333333,78.13888889,188.86,981.4194444,0,34107,4.5,5
24.26111111,84.20138889,115.02,978.7694444,3.8,27884,3.71,4
24.13263889,80.71527778,59.47,980.9416667,0.4,39012,4.54,5
26.27361111,73.79166667,139.15,980.6388889,19.4,41938,5.46,5
23.65208333,75.40972222,382.78,979.7284722,1,42370,6.14,6
19.12361111,73.19444444,221.44,985.1125,0,38296,4.78,5
18.30972222,74.56944444,88.84,987.5145833,0,48511,5.39,5
18.26597222,79.59722222,161.14,988.1048611,0,17769,2.49,2
23.22361111,79.26388889,198.7,985.7222222,0,41164,5.36,5
25.11944444,78.24305556,165.34,984.6277778,10.8,33259,4.36,4
22.40902778,86.50694444,137.73,982.6791667,2.4,22349,2.79,3
23.41180556,85.98611111,125.75,979.7576389,3.6,31860,3.88,4
23.04652778,87.72916667,115.55,979.2944444,2.4,31571,3.9,4
24.10902778,77.875,190.97,983.6083333,0.2,41497,5.44,5
25.12291667,75.6875,191.97,987.8173611,0.2,45557,6,6
24.15069444,84.70138889,81.02,986.6395833,48.8,20891,2.67,3
22.58263889,86.18055556,202.67,983.9388889,3,20833,2.75,3
23.51041667,85.98611111,156.81,983.5520833,19,14552,2.18,2
24.6125,85.64583333,108.42,987.9125,0.2,38069,4.4,4
27.0125,81.72916667,130.44,989.1277778,0.2,28817,3.79,4
23.92222222,84.45138889,113.41,988.9451389,4,20845,2.64,3
25.2125,79.88888889,88.54,985.19375,0.2,32820,4.11,4
23.84583333,88.63194444,66.76,984.2729167,18.2,24947,2.9,3
24.68819444,80.38888889,73.63,984.4847222,0.4,42022,4.94,5
25.06180556,76.48611111,98.8,984.8930556,0,41446,5.01,5
25.10694444,78.22222222,136.61,986.1381944,0,37701,4.78,5
25.13611111,73.40972222,125.72,984.1090278,0,44659,5.54,6
25.56805556,76.78472222,117.61,979.34375,0,34154,4.46,4
25.25138889,80.22916667,100.87,977.5826389,0,42033,4.98,5
26.23263889,78.03472222,69.95,980.2548611,0,35685,4.46,4
24.49027778,87.8125,114.14,982.6006944,5.4,18006,2.25,2
22.21527778,93.93055556,225.82,981.4465278,84.8,9789,1.2,1
21.03055556,85.32638889,235.1,984.7229167,0.6,28380,3.61,4
21.43333333,78.75,85.9,987.5868056,0.2,42111,4.81,5
22.52777778,76.47916667,175.12,989.0055556,0.2,38791,5.1,5
24.38541667,78.09027778,221.96,985.23125,0,38538,5.27,5
22.49583333,89.00694444,288.35,978.1145833,55.2,5610,1.23,1
21.28333333,77.59027778,78.2,985.6798611,1.2,31784,3.7,4
19.80277778,69.98611111,137.58,987.3229167,11.8,39344,5.29,5
19.26111111,77.91666667,201.36,984.3201389,53.6,31776,3.88,4
16.30416667,69.35416667,79.06,989.9548611,0,41812,4.67,5
18.99305556,64.72916667,90.57,988.9722222,0,41072,5.01,5
22.61458333,74.625,220.69,984.5701389,13.4,35875,5.01,5
18.65416667,92.3125,159.72,985.2291667,4.4,6222,0.79,1
14.82708333,77.3125,99.93,994.4506944,0,33364,3.51,4
15.82083333,77.89583333,145.09,995.475,0.2,39729,4.47,4
17.87847222,80.76388889,216.12,994.6847222,0.4,36276,4.38,4
18.975,80.04166667,208.88,995.00625,0.2,36825,4.57,5
21.06111111,78.50694444,204.84,994.6833333,0,33838,4.21,4
22.12916667,81.84027778,176.84,992.7472222,0,22134,3.03,3
21.34305556,84.23611111,95.75,989.7173611,5,21306,2.65,3
21.44305556,82.43055556,82.15,987.4145833,0,29073,3.43,3
21.40486111,80.52083333,192.87,988.7416667,0,31240,3.85,4
22.28263889,79.19444444,277.3,988.3347222,0,29074,4.19,4
22.08958333,81.15972222,172.5,990.1069444,0.2,25070,3.41,3
20.78333333,81.58333333,244.23,993.5826389,0,25838,3.66,4
21.30486111,74.50694444,265.98,992.6430556,0,36334,5.02,5
21.32569444,75.09722222,268.87,990.5743056,0,35145,4.78,5
20.51388889,73.4375,245.18,993.7722222,0,32770,4.43,4
20.65277778,74.27083333,279.62,995.6861111,0,27403,4.24,4
21.24583333,74.1875,302.28,990.6805556,0,33534,4.71,5
22.00972222,79.75,99.78,986.9159722,0,27732,3.38,3
24.10347222,72.95833333,112.73,983.7395833,0,29785,4.05,4
22.36388889,79.04166667,109.47,982.4145833,0,17732,2.45,2
19.10625,65.01388889,100.95,988.5277778,0,33753,4.4,4
19.99930556,72.43055556,274.59,988.2090278,0,32942,4.77,5
22.14375,82.36805556,324.55,987.4201389,0.4,16188,2.7,3
22.50347222,86.30555556,319.24,985.5631944,0.6,7113,1.55,2
20.53125,93.41666667,339.45,982.0979167,124.8,3661,0.86,1
18.04930556,75.77777778,300.17,988.4201389,0,32687,4.4,4
15.22916667,75.65972222,94.17,996.2006944,0,29937,3.29,3
16.04583333,73.36111111,164.05,993.8597222,0,30697,3.73,4
16.97083333,81.39583333,228.02,992.0263889,0,19431,2.72,3
17.88194444,92.11805556,161.86,991.1611111,4.8,3870,0.56,1
18.10902778,83.72916667,217.16,992.7645833,2,17707,2.44,2
16.15,85.71527778,125.46,994.2486111,0.2,19196,2.28,2
17.0875,84.59722222,245.54,993.4777778,0.2,19203,2.61,3
18.91666667,86.70138889,232.77,988.4847222,3.4,5145,1.08,1
20.38402778,87.09722222,222.52,982.1402778,0.4,9134,1.43,1
19.03680556,83.19444444,91.95,983.23125,2.4,18396,2.27,2
14.94236111,75.45833333,50.38,991.8625,0,29852,3.06,3
15.75625,70.45138889,98.79,993.9923611,0,28771,3.36,3
17.68611111,79.40972222,192.41,988.8534722,0,15550,2.33,2
19.45694444,83.99305556,228.01,979.3159722,0.2,16408,2.37,2
14.64513889,74.22222222,420.8,979.2826389,8,26908,3.86,4
12.25902778,64.86805556,293.08,991.5270833,0,28623,4.08,4
13.74027778,63.47222222,133.13,995.6590278,0,28075,3.9,4
15.42708333,66.125,33.75,997.0979167,0,27715,3.36,3
16.49236111,62.04166667,36.44,996.7993056,0,27996,3.48,3
16.42152778,70.20138889,89.45,994.9930556,0,17084,2.42,2
19.01971831,68.14084507,226.68,991.6401408,0,24930,3.81,4
19.45,79.59027778,96.21,991.7854167,0,18789,2.46,2
18.06458333,82.72222222,98.64,989.85,0.2,24202,2.87,3
17.59097222,86.72222222,87.05,990.7805556,0.4,21586,2.27,2
18.30972222,79.5,222.99,992.1180556,0.4,24888,3.22,3
19.60486111,78.47916667,266.87,988.8944444,0,24917,3.54,4
17.43611111,89.54166667,162.93,984.0902778,7,3506,0.74,1
15.63194444,81.97222222,122.01,990.575,0,15052,1.69,2
11.18819444,80.84027778,135.89,996.9027778,0.2,24455,2.64,3
11.89722222,75.0625,197.3,994.65625,0,18864,2.6,3
14.57013889,90.01388889,298.87,987.4590278,92.8,1080,0.62,1
16.04791667,89.23611111,239.7,983.2708333,23.2,3971,0.83,1
15.11666667,89.11805556,122.53,986.3208333,1.2,11269,1.21,1
13.65555556,88.53472222,31.43,991.9104167,0.2,12139,1.24,1
12.12569444,84.94444444,67.74,993.3611111,0.4,21587,2.11,2
13.29166667,87.72222222,171.41,991.5756944,0.2,7383,1,1
17.24791667,81.79166667,313.48,986.4041667,0.2,16863,2.61,3
17.82916667,84.59027778,252.64,981.3479167,0.8,12895,2.09,2
13.78680556,90.06944444,71.67,986.3875,22.6,6042,0.63,1
11.9625,84.00694444,155.78,989.08125,0.4,22673,2.59,3
14.38680556,75.59027778,92.14,993.1715278,0.2,22200,2.51,3
14.11188811,84.05555556,214.67,991.5472222,0.2,5152,1.13,1
17.58333333,86.36111111,220.66,988.0263889,1.2,11462,1.71,2
20.67430556,89.83333333,286.19,983.1541667,93.6,5180,1.11,1
15.65277778,92.23611111,136.59,989.71875,1.4,1613,0.24,0
11.925,88.28472222,313.53,998.1208333,0.8,6673,1.05,1
15.36458333,88.04166667,252.94,994.1902778,1.4,5606,1.07,1
14.85138889,93.9375,134.24,994.0472222,1.8,13173,1.25,1
13.36527778,92.67361111,225.49,996.3694444,0,8466,0.96,1
12.74930556,88.84027778,250.96,993.4319444,0,11177,1.41,1
13.36041667,91.68055556,170.67,990.6930556,0.4,11150,1.22,1
11.73541667,86.1875,38.06,994.1159722,0.4,20611,1.98,2
12.63055556,87.24305556,148.39,990.7715278,0.2,14278,1.57,2
14.59305556,89.88888889,42.05,988.4201389,0,10862,1.07,1
12.07361111,93.51388889,143.41,990.9201389,0,8470,0.87,1
9.970833333,96.72222222,110.32,991.4298611,4,3389,0.29,0
12.87777778,94.81944444,115.38,987.4576389,7,6595,0.66,1
13.28194444,96.38888889,205.38,980.0055556,28.4,3853,0.4,0
9.903472222,92.75,302.21,989.8076389,12.8,7193,0.85,1
11.57361111,79.01388889,437.65,990.4715278,0,20408,3.03,3
12.77986111,75.91666667,184.03,991.0319444,0,20629,2.62,3
11.91944444,84.33333333,94.33,992.7666667,0.2,20064,2.07,2
13.78819444,85.33333333,87.77,993.1881944,0.2,20181,2.03,2
12.19722222,89.30555556,154.39,996.9451389,0.4,19975,1.98,2
15.74791667,86.95833333,268.47,993.6076389,0.2,16157,1.9,2
19.57638889,78.29166667,315.99,986.6770833,0,15533,2.75,3
21.49375,72,370.68,981.5451389,0,13794,3.06,3
11.49583333,89.83333333,171.28,986.9722222,19.6,3093,0.55,1
7.239583333,81.44444444,97.64,998.8284722,0,17033,1.58,2
5.919444444,78.94444444,71.57,1001.732639,0.2,20094,1.9,2
11.25208333,83.65972222,235.17,997.4833333,0,17462,2.04,2
17.68194444,80.22222222,320.32,991.3715278,0,19072,2.95,3
19.34375,77.86111111,340.65,992.05625,0,19296,3.17,3
20.21736111,77.59027778,252.92,993.4986111,0,18713,2.86,3
19.33402778,77.25694444,210.5,994.3895833,0,19364,2.94,3
17.70972222,80.65277778,241.52,991.9527778,0,16740,2.64,3
19.36597222,72.38888889,283.22,989.5736111,0,16375,3.02,3
16.74166667,88.98611111,52.59,992.5631944,4,4502,0.75,1
15.30486111,96.88194444,82.85,991.7527778,40.4,2788,0.29,0
12.19305556,90.90972222,104.27,995.7041667,0.6,18218,1.61,2
10.18125,85.22222222,78.45,1002.332639,0.4,19559,1.82,2
9.915277778,79.13194444,172.32,1005.552778,0,20738,2.36,2
12.02777778,79.36111111,273.34,1003.349306,0,20750,2.71,3
13.2,79.45833333,267.12,999.8263889,0,18276,2.49,2
15.78888889,75.13194444,322.42,997.0027778,0,19591,3.13,3
18.56458333,69.6875,224.25,996.8090278,0,17779,2.94,3
15.58888889,80.95138889,142.44,997.0138889,0,13254,1.85,2
17.37083333,78.13888889,179.98,995.4125,0,18325,2.72,3
17.37083333,82.97916667,81.2,994.4534722,0,13704,1.64,2
17.73055556,85.05555556,92.83,994.2493056,2,18340,2.17,2
14.68125,94.13888889,167.98,996.6145833,12.8,5159,0.53,1
16.55555556,92.35416667,244.64,996.3729167,7.2,10509,1.24,1
19.30347222,81.02083333,255.51,992.1381944,0.2,20259,2.83,3
20.66597222,73.29166667,309.83,989.2208333,0,16962,3.11,3
21.77777778,65.66666667,440.17,981.7791667,0,18098,4.4,4
9.227777778,91.40972222,182.78,990.4743056,11.2,1880,0.4,0
4.969444444,84.22222222,188.31,1002.498611,0,11568,1.14,1
4.313888889,70.5625,126.38,1004.442361,0,22504,2.18,2
6.8,67.81944444,113.03,1000.870139,0,22807,2.5,3
10.50486111,60.70138889,152.1,995.1833333,0,22710,3.38,3
10.52222222,70.76388889,49.34,995.4451389,0,21476,2.29,2
11.83958333,76.43055556,176.82,994.7673611,0,22156,2.72,3
17.62361111,67.95138889,290.25,990.6076389,0,21344,3.54,4
19.96805556,62.97916667,274.4,989.7861111,0.2,7776,2.62,3
16.98958333,85.02777778,129.96,995.0729167,0.2,14094,1.71,2
18.82638889,85.45833333,196.85,996.0861111,0.6,14059,1.9,2
20.75347222,72.86805556,142.41,995.275,0,21605,3.29,3
18.59652778,78.84722222,223.67,993.8194444,0,22161,3.06,3
19.24513889,72.34027778,276.52,995.0659722,0,22100,3.65,4
20.39583333,70.04861111,161.8,995.3465278,0,19999,3.29,3
17.33194444,86.72916667,48.36,992.35625,0,15035,1.69,2
17.55069444,87.30555556,81.8,988.9111111,0,14247,1.6,2
13.38125,94.46527778,264.91,991.5701389,40,2432,0.34,0
11.69513889,87.29861111,113.1,995.7027778,0.6,12250,1.2,1
11.21458333,81.13194444,64.9,1000.071528,0.2,24992,2.44,2
13.31111111,82.20138889,253.96,997.7465278,0.2,25432,3.02,3
15.23333333,76.76388889,211.41,994,0,24881,3.1,3
16.17152778,73.75,130.97,988.4361111,0,23961,3.08,3
15.27638889,83.70138889,301.96,984.6041667,28.8,18338,2.28,2
12.99861111,84.95138889,225.77,991.4194444,0,13438,1.73,2
15.04583333,82.45138889,394.29,992.3506944,4.6,16099,2.61,3
15.4625,90.91666667,406.41,986.0638889,22.8,2541,0.87,1
16.39652778,92.27083333,316.21,981.8458333,24.2,2054,0.58,1
13.48958333,95.25694444,48.58,984.1423611,32.6,2450,0.23,0
10.91388889,78.48611111,82.93,991.3222222,0.2,27064,2.76,3
12.18402778,67.02083333,76.37,993.6131944,0,27746,3.19,3
11.75763889,79.4375,44.23,994.9166667,0.2,26755,2.69,3
12.89513889,73.34027778,101.06,993.3763889,0,28145,3.2,3
15.41180556,73.625,147.78,987.9326389,0,28075,3.66,4
16.30138889,83.91666667,201.21,983.0520833,6,15908,2.21,2
10.65694444,73.0625,101.57,995.9763889,0.2,22837,2.37,2
9.391666667,64.61111111,58.35,1003.656944,0,28039,2.88,3
12.09930556,69.4375,273.86,996.5493056,0,29312,3.82,4
18.31875,72.50694444,264.97,989.3597222,0,23447,3.61,4
23.72083333,70.26388889,384.7,986.0159722,0,25939,4.82,5
25.49097222,66.85416667,374.92,985.4263889,0,27044,5.15,5
19.83194444,81.5625,184.54,987.4534722,0.6,10779,1.75,2
19.23402778,83.25694444,98.42,988.6583333,0,20206,2.41,2
19.89375,81.55555556,162.73,987.9986111,0.4,22749,2.98,3
23.90347222,73.60416667,285.43,983.0569444,0,14395,2.8,3
13.46875,80.04166667,221.04,992.1881944,0.8,15598,2.16,2
12.61666667,78.66666667,199.1,998.14375,0,30131,3.4,3
18.89444444,75.95138889,398.16,992.6798611,0,26501,3.95,4
22.89027778,72.26388889,308.55,990.3784722,0,28871,4.58,5
25.3625,63.26388889,331.75,987.0993056,0,27463,5.14,5
21.93333333,76.34027778,213.21,986.9951389,13.4,7040,1.93,2
13.25833333,92.45833333,94.36,994.8416667,6.8,5467,0.55,1
15.15347222,85.50694444,220.41,993.7993056,0.2,21251,2.49,2
20.10694444,81.15277778,142.65,988.5243056,1.8,24695,3.21,3
20.4625,79.98611111,166.35,986.90625,0,16768,2.38,2
20.71458333,82.85416667,118.81,986.8041667,0.2,13293,1.94,2
21.6125,80.66666667,376.38,980.1875,2,7543,1.97,2
16.24305556,82.04166667,408.83,987.2618056,10.2,27992,3.61,4
13.81388889,82.42361111,165.55,996.4798611,4.6,22532,2.59,3
15.53055556,92.60416667,188.5,990.1798611,76,1849,0.38,0
15.50416667,92.88888889,72.66,986.75625,52.2,6954,0.69,1
13.76666667,87.02777778,223.78,997.9868056,0.4,23115,2.66,3
13.74791667,92.29861111,227.91,999.7194444,8,7606,0.97,1
14.97361111,83.73611111,128.01,998.8819444,0.2,24657,2.73,3
14.59930556,82.47222222,106.74,996.2819444,0.2,35422,3.68,4
16.60763889,84.05555556,137.28,993.2388889,0.2,26472,3.03,3
23.34097222,74.86805556,182.92,989.6583333,0,33614,4.57,5
23.04791667,78.88888889,163.54,988.125,0,31650,4.07,4
15.95277778,92.6875,68.89,989.9180556,18,7866,0.77,1
14.54513889,89.23611111,97.56,995.6951389,0,13754,1.36,1
16.21180556,81.3125,190.89,995.2534722,0.4,36620,4.11,4
20.07361111,82.5,123.9,992.2229167,0,21113,2.59,3
21.16597222,86.1875,56.03,988.7895833,0,28926,3.13,3
17.12986111,91.34027778,147.16,988.4868056,23.2,11035,1.16,1
16.00902778,79.75,303.74,995.9645833,0.2,24694,3.3,3
15.79166667,79.625,271.43,992.8909722,0.2,15448,2.34,2
16.98472222,87.09722222,41.36,981.64375,0.2,16588,1.66,2
16.67916667,89.29166667,102.13,973.7486111,26.6,15562,1.79,2
14.12430556,81.72916667,235.2,977.9965278,1.2,23782,2.97,3
14.97013889,69.97222222,283.07,986.1826389,0.2,39692,5.22,5
19.74444444,59.10416667,278.35,986.1319444,0,35557,5.64,6
22.86597222,53.30555556,403.18,980.3590278,0,34129,6.64,7
19.95763889,70.91666667,177.75,987.8979167,0,34811,4.75,5
15.65347222,72.52777778,292.13,995.6319444,0,41455,5.35,5
18.57152778,75.48611111,343.35,988.3090278,0,32810,4.54,5
19.25972222,82.54166667,107.02,983.5805556,0,22346,2.84,3
16.9,81.5,185.28,987.2041667,0.6,19709,2.66,3
14.99375,87.54166667,347.65,987.8513889,16.4,9073,1.55,2
14.24166667,91.42361111,392.92,987.1263889,65.4,2761,0.86,1
14.25208333,93.18055556,132.2,987.7645833,7.4,7185,0.7,1
13.84861111,81.64583333,50.36,994.0125,2,28247,2.78,3
15.84236111,70.31944444,65.13,995.7013889,0,43919,4.66,5
18.90416667,72.90277778,228.72,991.6048611,0,36404,4.76,5
22.44444444,77.77777778,249.9,986.5972222,13.8,31634,4.36,4
19.44166667,87.77777778,188.78,983.3243056,27.6,891,0.62,1
17.75833333,84.99305556,176.69,986.1041667,46,23048,2.71,3
17.39930556,74.76388889,152.98,988.0263889,0.2,45130,5.2,5
17.675,90.13888889,118.02,983.8493056,46.2,7135,1.03,1
12.52777778,73.84722222,132.19,994.0472222,0.2,39189,3.92,4
13.16736111,68.06944444,37.18,994.7909722,0,46127,4.5,5
17.19305556,67.47916667,123.99,991.05,0,41028,4.8,5
20.04166667,74.43055556,73.02,986.7972222,0,38996,4.57,5
19.48958333,79.29861111,36.23,983.3368056,0,32507,3.56,4
19.47777778,84.98611111,132.5,977.8006944,8.8,24833,2.97,3
16.82361111,88.57638889,175.2,980.7868056,4.2,17212,2.04,2
19.30277778,80.05555556,118.65,984.5173611,0,31147,3.68,4
19.64375,78.3125,74.32,983.2541667,0,32910,3.81,4
16.26388889,64.61805556,52.06,990.5201389,0,47411,4.98,5
18.30833333,60.32638889,90.68,991.5152778,0,46564,5.65,6
20.60694444,65.63888889,247.87,986.98125,0,43558,6.07,6
19.64444444,82.26388889,163.65,982.3416667,2.2,29488,3.52,4
18.94583333,76.40972222,91.19,984.6680556,5.8,32417,3.7,4
17.14027778,68.84722222,44.02,990.9854167,0,45190,4.84,5
18.53125,64.65972222,71.35,991.8347222,0,47735,5.4,5
19.79305556,73.10416667,144.78,987.9222222,0,43393,5.1,5
20.15833333,82,117.83,984.2444444,6,27124,3.27,3
21.52361111,70.95138889,90.1,984.1152778,0,43201,5.06,5
19.80625,62.75,35.13,984.5638889,0,38156,4.57,5
19.05416667,61.31944444,153.44,982.5763889,0,49112,6.38,6
18.05694444,58.84027778,91.43,984.2319444,0,49838,5.88,6
20.99861111,53.53472222,14.85,986.8451389,0,49229,5.81,6
23.06180556,56.40277778,106.99,985.7041667,0,48132,6.44,6
26.10069444,55.95833333,262.62,978.3631944,0,47968,7.73,8
16.77083333,84.77777778,86.72,983.5222222,12.8,4469,1.06,1
18.02847222,75.88888889,36.01,982.9805556,0.2,40750,4.25,4
17.5625,65.02083333,133.58,982.20625,0,46218,5.6,6
16.59236111,55.5,150.1,984.6194444,0,49846,6.61,7
20.37708333,66.85416667,104.96,985.4076389,0,47096,5.4,5
15.50763889,81.23611111,164.2,987.7444444,0.4,19979,2.44,2
13.98125,61.97916667,51.76,989.5319444,0,50644,5.32,5
19.81736111,49.44444444,198.5,984.8354167,0,50004,7.29,7
19.12916667,62.85416667,94.41,986.9076389,0,41336,4.87,5
14.52986111,84.36111111,108.55,989.1965278,3,9324,1.29,1
17.51805556,74.63888889,23.18,985.3361111,0,37707,3.91,4
21.37986111,61.86111111,128.73,986.6840278,0,50278,6.34,6
19.27083333,73.03472222,194.15,992.1847222,0,42762,5.21,5
19.52986111,69.75694444,150.1,989.3951389,0,49720,6.03,6
19.2875,73.01388889,264.21,986.2215278,0,34317,4.87,5
21.16875,71.875,206.14,985.9097222,0,29472,4.3,4
23.52916667,70.5,101.73,984.5277778,0,45417,5.46,5
22.38611111,80.90972222,70.04,982.5798611,3.6,26252,3.25,3
19.64722222,82.13194444,378.08,987.6534722,0.6,21829,3.45,3
20.51388889,76.79861111,194.87,990.6486111,0.6,32489,4.46,4
22.96180556,75.93055556,64.83,985.0465278,0.2,26366,3.38,3
25.20694444,68.45833333,75.31,981.0833333,0,48160,5.95,6
24.69930556,58.09027778,56.34,981.6076389,0,51468,6.54,7
26.01875,53.36111111,137.38,980.3465278,0,49943,7.19,7
25.625,49.91666667,197.48,977.4361111,0,51134,8.1,8
19.80208333,62,203.54,985.2958333,0,52467,6.8,7
21.08472222,58.36111111,119.93,987.9791667,0,52950,6.69,7
25.76805556,57.02777778,104.26,984.8875,0,43641,6.15,6
26.59583333,58.90972222,214.14,983.9555556,0,29742,5.37,5
26.20486111,56.79861111,50.94,984.3826389,0,47194,6.02,6
28.95,46.72222222,120.85,980.2020833,0,48219,7.17,7
22.96944444,69.78472222,224.18,981.9215278,16.4,23613,3.81,4
17.63402778,68.45833333,211.37,993.6388889,0,37448,5.16,5
19.37430556,76.09722222,204.12,991.2013889,0,34286,4.58,5
24.14097222,70.91666667,73.08,985.3555556,0.2,42710,5.19,5
26.64513889,67.83333333,75.73,983.2618056,0.4,47118,5.94,6
27.82152778,61.38888889,62.67,980.9055556,0,46324,5.95,6
22.95902778,86.72222222,126.38,979.3840278,36.8,9764,1.42,1
20.74513889,72.48611111,259.08,986.0506944,0.2,39431,5.28,5
20.83333333,60.25,49.98,987.2493056,0,53697,6.17,6
23.90138889,52.88888889,79.14,985.2833333,0,53674,6.85,7
26.82013889,56.47916667,77.83,985.225,0,50722,6.81,7
25.70277778,63.54166667,70.08,985.3604167,0,42532,5.56,6
26.21805556,66.70833333,91.13,982.6944444,0,51154,6.52,7
26.87361111,63.0625,75.05,979.8875,0,51181,6.47,6
26.75763889,65.09027778,108.65,979.4208333,0,42335,5.54,6
22.87569444,79.29861111,151,980.3770833,14,28169,3.68,4
22.55,76.58333333,75.02,977.9680556,4.6,31474,3.9,4
23.6875,57.1875,98.16,980.2944444,0.2,52168,6.64,7
25.71527778,48.81944444,131.73,982.6784722,0,51627,7.62,8
27.24166667,51.84027778,167.7,981.5111111,0,49653,7.63,8
20.71666667,66.09027778,166.84,987.9777778,2.8,33824,4.55,5
19.93333333,57.09027778,71.85,991.8958333,0,53019,6.34,6
22.86041667,56.24305556,138.12,992.3604167,0,52692,7.23,7
24.33888889,63.59722222,124.46,991.5736111,0,49249,6.21,6
26.21111111,68.66666667,90.81,989.7284722,0,37956,4.96,5
25.93055556,69.04861111,95.02,987.3354167,0,50834,6.47,6
25.58955224,69.26119403,88.46,983.7261194,0,48416,6.04,6
26.746875,66.16666667,81.13,979.3791667,0.4,24650,4.89,5
25.17604167,79.39583333,119.37,977.834375,2,17459,3.67,4
22.73645833,85.16666667,164.95,980.7385417,1.6,14219,2.76,3
23.653125,73.86458333,133.54,988.0572917,0.2,24246,4.84,5
25.61666667,68.60416667,91.21,985.353125,0,26356,5.23,5
24.98125,69.32291667,113.34,983.290625,0.2,31446,6.01,6
25.11875,56.75,48.61,987.559375,0,33960,6.46,6
26.83020833,45.47916667,86.72,986.3239583,0,25858,5.67,6
22.40625,78.78125,100.96,982.86875,1.2,11971,2.57,3
24.12083333,81.47916667,114.99,978.55,1.6,17964,3.69,4
25.69166667,76.59375,174.15,978.2385417,8.8,25752,5.17,5
25.42395833,72.5625,143.56,982.890625,0.4,21787,4.29,4
21.69479167,67.45833333,289.25,989.2447917,0,32066,6.5,7
22.01354167,64.9375,156.9,988.7791667,0,32149,6.35,6
21.57083333,80.3125,112.15,984.1520833,9.8,10306,2.3,2
24.45729167,79.20833333,105.4,981.3802083,0,19202,3.56,4
22.11458333,67.91666667,216.79,984.7697917,0,32549,6.74,7
23.28541667,68.875,93.28,984.5708333,0,30472,5.8,6
24.6375,66.25,113.39,986.3104167,0,33327,6.36,6
25.18958333,61.76041667,88.86,985.7854167,0,32690,6.46,6
25.30104167,63.22916667,93.27,984.7229167,0.2,31462,6.28,6
23.78125,66.52083333,127.88,985.6614583,0,30893,6.11,6
23.86458333,62.23958333,115.44,987.14375,0,33403,6.53,7
24.9875,61.91666667,81.26,984.79375,0,31783,5.97,6
25.75625,61.77083333,99.71,982.1947917,0,26919,5.5,6
26.565625,60.40625,83.96,982.2989583,0,31019,6.16,6
27.51979167,58.80208333,74.28,981.084375,0,24215,4.95,5
26.94526316,64.83157895,181.77,979.3494737,0,19980,5.34,5
23.71979167,75.67708333,139.24,983.7760417,0,23725,4.78,5
18.59270833,86.22916667,136.76,988.0072917,25.8,8029,1.69,2
17.4375,69.88541667,102.92,992.878125,0,32585,5.42,5
18.553125,58.84375,53.11,994.9052083,0,32840,5.78,6
21.80833333,65.78125,100.5,994.8875,0,32357,5.95,6
22.809375,64.57291667,106.56,994.1270833,0,31668,5.99,6
23.69166667,65.89583333,92.35,992.4177083,0,29214,5.53,6
24.42604167,65.66666667,71.46,988.3822917,0,29654,5.54,6
25.60208333,65.96875,89.66,982.915625,0,23995,4.72,5
25.571875,66.36458333,61.35,978.05625,0,21509,4.4,4
23.203125,79.34375,80.83,977.2416667,7.6,13499,2.86,3
22.5375,76.02083333,70.76,981.6802083,0.6,19191,3.63,4
20.21458333,74.22916667,95.72,986.471875,0,22716,4.27,4
20.85416667,67.35416667,67.96,989.8166667,0,27307,5.05,5
22.11145833,69.78125,100.15,990.3947917,0.2,25495,4.85,5
22.453125,69.5,117.74,989.9677083,0.2,30013,5.77,6
23.09166667,68.84375,85.23,987.80625,0,29449,5.43,5
20.65625,81.01041667,66.21,985.66875,28,13329,2.55,3
22.121875,75.42708333,68.35,985.4875,0,25675,4.59,5
24.24479167,73.91666667,38.15,986.81875,0,22919,4.25,4
24.73541667,68.36458333,51.48,987.9604167,0,26948,5.13,5
22.29583333,75.35416667,50.18,986.3125,0,13522,2.61,3
23.90208333,69.41666667,30.86,982.853125,0,27778,4.98,5
25.140625,64.27083333,36.53,981.7145833,0,27979,5.2,5
21.22604167,67.11458333,105.36,985.9114583,0,22603,4.38,4
18.18645833,68.53125,46.65,988.621875,0,26220,4.42,4
20.79583333,62.42708333,52.66,987.49375,0,28691,5.2,5
22.565625,63.5625,55.41,985.028125,0,26136,4.9,5
25.121875,62.21875,63.01,981.6302083,0,27482,5.44,5
21.33229167,73.33333333,87.24,982.1229167,3.8,14374,3.16,3
17.04583333,66.66666667,49.09,985.0208333,0.2,27728,4.64,5
18.634375,63.75,30.43,984.3041667,0,14001,2.72,3
23.10729167,55.16666667,53.02,982.0541667,2.6,27081,5.4,5
20.60416667,70.78125,150.01,981.0322917,53.4,20153,4.02,4
18.48958333,68.66666667,20.42,987.09375,0,27232,4.41,4
20.73125,80.08333333,108.88,983.971875,11.2,10808,2.3,2
26.21354167,73.125,269.53,977.090625,14,22082,5.42,5
17.96875,69.4375,73.15,984.3302083,0,27383,4.58,5
19.85208333,67.21875,22.84,987.0885417,0,25131,4.31,4
17.05,74.33333333,86.42,990.3197917,0,25531,4.09,4
18.53229167,66.15625,32.9,987.128125,0,24790,4.19,4
23.10625,67.38541667,56.21,983.1645833,0,23982,4.45,4
20.475,84.42708333,92.84,982.640625,54,1345,0.68,1
17.60625,82.09375,106.16,986.715625,3.2,13106,2.46,2
12.70555556,80.27777778,59.9,995.7203704,0,14702,2.02,2